,0,1,2,3,4,5,6,7,8,9,10,11,12,13,14,15,16,17,18,19,20,21,22,23,24,25,26,27,28,29,30,31,32
p16,A,G,S,S,M,E,P,S,A,D,W,L,A,T,A,A,A,R,G,R,V,E,E,V,R,A,L,L,E,A,G,A,L
p16,P,N,A,P,N,S,Y,G,R,R,P,I,Q,V,M,M,-,M,G,S,A,R,V,A,E,L,L,L,L,H,G,A,E
p16,N,C,A,D,P,A,T,L,T,R,P,V,H,D,A,A,R,E,G,F,L,D,T,L,V,V,L,H,R,A,G,A,R
p16,L,D,V,R,D,A,W,G,R,L,P,V,D,L,A,E,E,L,G,H,R,D,V,A,R,Y,L,R,A,A,A,G,G
TRPV4,-,-,-,-,-,M,F,N,R,P,I,L,F,D,I,V,S,R,-,-,-,-,G,S,T,A,D,L,D,G,L,L,P
TRPV4,E,F,R,E,P,S,T,G,K,T,C,L,P,K,A,L,L,N,L,S,N,D,T,I,P,V,L,L,D,I,A,E,F
TRPV4,I,N,S,P,F,R,R,G,Q,T,A,L,H,I,A,I,E,R,R,C,K,H,Y,V,E,L,L,V,A,Q,G,A,D
TRPV4,V,H,A,Q,A,R,G,G,E,L,P,L,S,L,A,A,C,T,N,Q,P,H,I,V,N,Y,L,T,E,N,K,A,D
TRPV4,M,R,R,Q,D,S,R,G,N,T,V,L,H,A,L,V,A,I,A,V,T,K,M,Y,D,L,L,L,L,K,C,A,R
TRPV4,E,A,V,L,N,N,D,G,L,S,P,L,M,M,A,A,T,G,K,I,G,-,I,F,Q,H,I,I,R,R,E,V,T
TANC1_re2m_sin_5,-,-,-,-,G,S,D,L,G,K,K,L,L,E,A,A,R,A,G,Q,D,D,E,V,R,I,L,M,A,N,G,A,D
TANC1_re2m_sin_5,V,N,A,K,V,L,N,N,A,P,I,L,C,V,Q,S,H,L,G,H,E,E,V,V,T,L,L,L,E,F,G,A,C
TANC1_re2m_sin_5,L,D,G,M,S,E,N,G,M,N,A,L,C,Y,A,A,A,A,G,H,M,K,L,V,C,L,L,I,K,K,G,A,R
TANC1_re2m_sin_5,V,D,H,L,D,K,K,G,Q,C,A,L,V,H,S,A,L,R,G,H,S,D,I,L,Q,Y,L,L,S,A,G,P,P
TANC1_re2m_sin_5,V,N,G,T,D,T,W,G,E,T,A,L,T,A,A,A,G,R,G,K,V,E,I,C,E,L,L,L,E,R,G,A,A
TANC1_re2m_sin_5,V,S,R,A,N,R,R,G,V,P,P,L,F,C,A,A,R,Q,G,H,W,Q,V,V,R,L,L,L,D,R,G,C,D
TANC1_re2m_sin_5,V,N,L,S,D,K,Q,G,R,T,P,L,M,V,A,S,C,E,G,H,L,S,T,V,E,F,L,L,S,K,G,A,A
TANC1_re2m_sin_5,L,S,S,L,D,K,E,G,L,S,A,L,S,W,A,C,L,K,G,H,R,A,V,V,Q,Y,L,V,E,E,G,A,E
TANC1_re2m_sin_5,I,D,Q,T,D,K,N,G,R,T,P,L,D,L,A,A,F,Y,G,D,A,E,T,V,L,Y,L,V,E,K,G,A,V
TANC1_re2m_sin_5,I,E,H,V,D,H,S,G,M,R,P,L,D,R,A,I,G,C,R,N,T,A,V,E,V,T,L,T,R,K,G,A,K
KANK1,I,N,M,A,D,G,N,G,N,T,A,L,H,Y,S,V,S,H,S,N,F,Q,I,V,K,L,L,L,D,A,D,V,C
KANK1,V,D,H,Q,N,K,A,G,Y,T,P,I,M,L,A,A,L,A,A,D,M,Q,V,V,E,E,L,F,S,C,G,D,V
KANK1,V,N,A,K,A,S,Q,G,Q,T,A,L,M,L,A,V,S,H,G,R,I,D,M,V,K,G,L,L,A,C,G,A,D
KANK1,V,N,I,Q,D,D,E,G,S,T,A,L,M,C,A,S,E,H,G,H,V,E,I,V,K,L,L,L,A,Q,P,G,C
KANK1,G,H,L,E,D,N,D,G,S,T,A,L,S,I,A,L,E,A,G,H,K,D,I,A,V,L,L,Y,A,H,L,N,F
4ANK,-,-,-,-,-,-,N,G,R,T,P,L,H,L,A,A,R,N,G,H,L,E,V,V,K,L,L,L,E,A,G,A,D
4ANK,V,N,A,K,D,K,N,G,R,T,P,L,H,L,A,A,R,N,G,H,L,E,V,V,K,L,L,L,E,A,G,A,D
4ANK,V,N,A,K,D,K,N,G,R,T,P,L,H,L,A,A,R,N,G,H,L,E,V,V,K,L,L,L,E,A,G,A,D
4ANK,V,N,A,K,D,K,N,G,R,T,P,L,H,L,A,A,R,N,G,H,L,E,V,V,K,L,L,L,E,A,G,A,-
4CA_Schofield,-,-,-,-,-,-,D,L,G,K,K,L,L,E,A,A,R,A,G,Q,D,D,E,V,R,I,L,M,A,N,G,A,D
4CA_Schofield,V,A,A,K,D,K,N,G,S,T,P,L,H,L,A,A,R,N,G,H,L,E,V,V,K,L,L,L,E,A,G,A,D
4CA_Schofield,V,A,A,K,D,K,N,G,S,T,P,L,H,L,A,A,R,N,G,H,L,E,V,V,K,L,L,L,E,A,G,A,D
4CA_Schofield,V,N,A,Q,D,K,F,G,K,T,A,F,D,I,S,I,D,N,G,N,E,D,L,A,E,I,L,Q,-,-,-,-,-
p16_TPLH2,A,G,S,S,M,E,P,S,A,D,W,L,A,T,A,A,A,R,G,R,V,E,E,V,R,A,L,L,E,A,G,A,L
p16_TPLH2,P,N,A,P,N,S,Y,G,R,R,P,I,Q,V,M,M,-,M,G,S,A,R,V,A,E,L,L,L,L,H,G,A,E
p16_TPLH2,N,C,A,D,P,A,T,L,T,T,P,V,H,D,A,A,R,E,G,F,L,D,T,L,V,V,L,H,R,A,G,A,R
p16_TPLH2,L,D,V,R,D,A,W,G,R,L,P,V,D,L,A,E,E,L,G,H,R,D,V,A,R,Y,L,R,A,A,A,G,G
TRPV4_I331T,-,-,-,-,-,M,F,N,R,P,I,L,F,D,I,V,S,R,-,-,-,-,G,S,T,A,D,L,D,G,L,L,P
TRPV4_I331T,E,F,R,E,P,S,T,G,K,T,C,L,P,K,A,L,L,N,L,S,N,D,T,I,P,V,L,L,D,I,A,E,F
TRPV4_I331T,I,N,S,P,F,R,R,G,Q,T,A,L,H,I,A,I,E,R,R,C,K,H,Y,V,E,L,L,V,A,Q,G,A,D
TRPV4_I331T,V,H,A,Q,A,R,G,G,E,L,P,L,S,L,A,A,C,T,N,Q,P,H,I,V,N,Y,L,T,E,N,K,A,D
TRPV4_I331T,M,R,R,Q,D,S,R,G,N,T,V,L,H,A,L,V,A,T,A,V,T,K,M,Y,D,L,L,L,L,K,C,A,R
TRPV4_I331T,E,A,V,L,N,N,D,G,L,S,P,L,M,M,A,A,T,G,K,I,G,-,I,F,Q,H,I,I,R,R,E,V,T
TANC1_re2m,-,-,-,-,G,S,D,L,G,K,K,L,L,E,A,A,R,A,G,Q,D,D,E,V,R,I,L,M,A,N,G,A,D
TANC1_re2m,V,N,A,K,V,L,N,N,A,P,I,L,C,V,Q,S,H,L,G,H,E,E,V,V,T,L,L,L,E,F,G,A,C
TANC1_re2m,L,D,G,M,S,E,N,G,M,N,A,L,C,Y,A,A,A,A,G,H,M,K,L,V,C,L,L,I,K,K,G,A,R
TANC1_re2m,V,D,H,L,D,K,K,G,Q,C,A,L,V,H,S,A,L,R,G,H,S,D,I,L,Q,Y,L,L,S,A,G,P,P
TANC1_re2m,Q,G,T,L,R,K,A,L,Q,Q,A,L,T,A,A,A,S,M,G,H,S,S,V,V,Q,S,L,L,E,H,E,I,E
TANC1_re2m,V,N,G,T,D,T,W,G,E,T,A,L,T,A,A,A,G,R,G,K,V,E,I,C,E,L,L,L,E,R,G,A,A
TANC1_re2m,V,S,R,A,N,R,R,G,V,P,P,L,F,C,A,A,R,Q,G,H,W,Q,V,V,R,L,L,L,D,R,G,C,D
TANC1_re2m,V,N,L,S,D,K,Q,G,R,T,P,L,M,V,A,S,C,E,G,H,L,S,T,V,E,F,L,L,S,K,G,A,A
TANC1_re2m,L,S,S,L,D,K,E,G,L,S,A,L,S,W,A,C,L,K,G,H,R,A,V,V,Q,Y,L,V,E,E,G,A,E
TANC1_re2m,I,D,Q,T,D,K,N,G,R,T,P,L,D,L,A,A,F,Y,G,D,A,E,T,V,L,Y,L,V,E,K,G,A,V
TANC1_re2m,I,E,H,V,D,H,S,G,M,R,P,L,D,R,A,I,G,C,R,N,T,A,V,E,V,T,L,T,R,K,G,A,K
3ANK,-,-,-,-,-,-,N,G,R,T,P,L,H,L,A,A,R,N,G,H,L,E,V,V,K,L,L,L,E,A,G,A,D
3ANK,V,N,A,K,D,K,N,G,R,T,P,L,H,L,A,A,R,N,G,H,L,E,V,V,K,L,L,L,E,A,G,A,D
3ANK,V,N,A,K,D,K,N,G,R,T,P,L,H,L,A,A,R,N,G,H,L,E,V,V,K,L,L,L,E,A,G,A,-
3CA_Schofield,-,-,-,-,-,-,D,L,G,K,K,L,L,E,A,A,R,A,G,Q,D,D,E,V,R,I,L,M,A,N,G,A,D
3CA_Schofield,V,A,A,K,D,K,N,G,S,T,P,L,H,L,A,A,R,N,G,H,L,E,V,V,K,L,L,L,E,A,G,A,D
3CA_Schofield,V,N,A,Q,D,K,F,G,K,T,A,F,D,I,S,I,D,N,G,N,E,D,L,A,E,I,L,Q,-,-,-,-,-
TRPV4_L199F,-,-,-,-,-,M,F,N,R,P,I,L,F,D,I,V,S,R,-,-,-,-,G,S,T,A,D,L,D,G,L,L,P
TRPV4_L199F,E,F,R,E,P,S,T,G,K,T,C,L,P,K,A,F,L,N,L,S,N,D,T,I,P,V,L,L,D,I,A,E,F
TRPV4_L199F,I,N,S,P,F,R,R,G,Q,T,A,L,H,I,A,I,E,R,R,C,K,H,Y,V,E,L,L,V,A,Q,G,A,D
TRPV4_L199F,V,H,A,Q,A,R,G,G,E,L,P,L,S,L,A,A,C,T,N,Q,P,H,I,V,N,Y,L,T,E,N,K,A,D
TRPV4_L199F,M,R,R,Q,D,S,R,G,N,T,V,L,H,A,L,V,A,I,A,V,T,K,M,Y,D,L,L,L,L,K,C,A,R
TRPV4_L199F,E,A,V,L,N,N,D,G,L,S,P,L,M,M,A,A,T,G,K,I,G,-,I,F,Q,H,I,I,R,R,E,V,T
D34,I,D,A,V,T,E,S,G,L,T,P,L,H,V,A,S,F,M,G,H,L,P,I,V,K,N,L,L,Q,R,G,A,S
D34,P,N,V,S,N,V,K,V,E,T,P,L,H,M,A,A,R,A,G,H,T,E,V,A,K,Y,L,L,Q,N,K,A,K
D34,V,N,A,K,A,K,D,D,Q,T,P,L,H,C,A,A,R,I,G,H,T,N,M,V,K,L,L,L,E,N,N,A,N
D34,P,N,L,A,T,T,A,G,H,T,P,L,H,I,A,A,R,E,G,H,V,E,T,V,L,A,L,L,E,K,E,A,S
D34,-,-,-,Q,A,C,M,G,F,T,P,L,H,V,A,A,K,Y,G,K,V,R,V,A,E,L,L,L,E,R,D,A,H
D34,P,N,A,A,G,K,N,G,L,T,P,L,H,V,A,V,H,H,N,N,L,D,I,V,K,L,L,L,P,R,G,G,S
D34,P,H,S,P,A,W,N,G,Y,T,P,L,H,I,A,A,K,Q,N,Q,V,E,V,A,R,S,L,L,Q,Y,G,G,S
D34,A,N,A,E,S,V,Q,G,V,T,P,L,H,L,A,A,Q,E,G,H,A,E,M,V,A,L,L,L,S,K,Q,A,N
D34,G,N,L,G,N,K,S,G,L,T,P,L,H,L,V,A,Q,E,G,H,V,P,V,A,D,V,L,I,K,H,G,V,M
D34,V,D,A,T,T,R,M,G,Y,T,P,L,H,V,A,S,H,Y,G,N,I,K,L,V,K,F,L,L,Q,H,Q,A,D
D34,V,N,A,K,T,K,L,G,Y,S,P,L,H,Q,A,A,Q,Q,G,H,T,D,I,V,T,L,L,L,K,N,G,A,S
D34,P,N,E,V,S,S,D,G,T,T,P,L,A,I,A,K,R,L,G,Y,I,S,V,T,D,V,L,K,V,V,T,D,E
ikba,E,R,L,L,D,D,R,H,D,S,G,L,D,S,M,K,D,E,E,Y,E,Q,M,V,K,E,L,Q,E,I,R,L,E
ikba,K,Q,Q,L,T,E,D,G,D,S,F,L,H,L,A,I,I,H,E,E,K,A,L,T,M,E,V,I,R,Q,V,K,G
ikba,L,N,F,Q,N,N,L,Q,Q,T,P,L,H,L,A,V,I,T,N,Q,P,E,I,A,E,A,L,L,G,A,G,C,D
ikba,P,E,L,R,D,F,R,G,N,T,P,L,H,L,A,C,E,Q,G,C,L,A,S,V,G,V,L,T,Q,S,C,T,T
ikba,L,K,A,T,N,Y,N,G,H,T,C,L,H,L,A,S,I,H,G,Y,L,G,I,V,E,L,L,V,S,L,G,A,D
ikba,V,N,A,Q,E,C,N,G,R,T,A,L,H,L,A,V,D,L,Q,N,P,D,L,V,S,L,L,L,K,C,G,A,D
ikba,V,N,R,V,T,Y,Q,G,Y,S,P,Y,Q,L,T,W,G,R,P,S,T,R,I,Q,Q,Q,L,G,Q,L,T,L,E
Nank1-7_Delta,-,-,-,-,-,-,-,G,L,T,P,L,M,I,A,A,V,R,G,G,Z,Q,V,I,S,D,L,L,A,Q,G,A,E
Nank1-7_Delta,N,A,T,M,D,K,T,G,E,T,S,L,H,L,A,A,R,F,A,R,A,D,A,A,K,R,L,L,D,A,G,A,D
Nank1-7_Delta,A,N,S,Q,D,N,T,G,R,T,P,L,H,A,A,V,A,A,D,A,M,G,V,F,Q,I,L,L,R,N,R,A,T
Nank1-7_Delta,L,N,A,R,M,H,D,G,T,T,P,L,I,L,A,A,R,L,A,I,E,G,M,V,E,D,L,I,T,A,D,A,D
Nank1-7_Delta,I,N,A,A,D,N,S,G,K,T,A,L,H,W,A,A,A,V,N,N,T,E,A,V,N,I,L,L,M,H,H,A,N
Nank1-7_Delta,R,D,A,Q,D,D,K,D,E,T,P,L,F,L,A,A,R,E,G,S,Y,E,A,S,K,A,L,L,D,N,F,A,N
Nank1-7_Delta,R,E,I,T,D,H,M,D,R,L,P,R,D,V,A,S,E,R,L,H,H,D,I,V,R,L,L,D,E,H,V,-,-
ikba_Y254L_T257A,E,R,L,L,D,D,R,H,D,S,G,L,D,S,M,K,D,E,E,Y,E,Q,M,V,K,E,L,Q,E,I,R,L,E
ikba_Y254L_T257A,K,Q,Q,L,T,E,D,G,D,S,F,L,H,L,A,I,I,H,E,E,K,A,L,T,M,E,V,I,R,Q,V,K,G
ikba_Y254L_T257A,L,N,F,Q,N,N,L,Q,Q,T,P,L,H,L,A,V,I,T,N,Q,P,E,I,A,E,A,L,L,G,A,G,C,D
ikba_Y254L_T257A,P,E,L,R,D,F,R,G,N,T,P,L,H,L,A,C,E,Q,G,C,L,A,S,V,G,V,L,T,Q,S,C,T,T
ikba_Y254L_T257A,L,K,A,T,N,Y,N,G,H,T,C,L,H,L,A,S,I,H,G,Y,L,G,I,V,E,L,L,V,S,L,G,A,D
ikba_Y254L_T257A,V,N,A,Q,E,C,N,G,R,T,A,L,H,L,A,V,D,L,Q,N,P,D,L,V,S,L,L,L,K,C,G,A,D
ikba_Y254L_T257A,V,N,R,V,T,Y,Q,G,Y,S,P,L,Q,L,A,W,G,R,P,S,T,R,I,Q,Q,Q,L,G,Q,L,T,L,E
ikba_Y254L_T257A_C186P_A220P,E,R,L,L,D,D,R,H,D,S,G,L,D,S,M,K,D,E,E,Y,E,Q,M,V,K,E,L,Q,E,I,R,L,E
ikba_Y254L_T257A_C186P_A220P,K,Q,Q,L,T,E,D,G,D,S,F,L,H,L,A,I,I,H,E,E,K,A,L,T,M,E,V,I,R,Q,V,K,G
ikba_Y254L_T257A_C186P_A220P,L,N,F,Q,N,N,L,Q,Q,T,P,L,H,L,A,V,I,T,N,Q,P,E,I,A,E,A,L,L,G,A,G,C,D
ikba_Y254L_T257A_C186P_A220P,P,E,L,R,D,F,R,G,N,T,P,L,H,L,A,C,E,Q,G,C,L,A,S,V,G,V,L,T,Q,S,C,T,T
ikba_Y254L_T257A_C186P_A220P,L,K,A,T,N,Y,N,G,H,T,P,L,H,L,A,S,I,H,G,Y,L,G,I,V,E,L,L,V,S,L,G,A,D
ikba_Y254L_T257A_C186P_A220P,V,N,A,Q,E,C,N,G,R,T,P,L,H,L,A,V,D,L,Q,N,P,D,L,V,S,L,L,L,K,C,G,A,D
ikba_Y254L_T257A_C186P_A220P,V,N,R,V,T,Y,Q,G,Y,S,P,L,Q,L,A,W,G,R,P,S,T,R,I,Q,Q,Q,L,G,Q,L,T,L,E
